Pattern,Category,Name,Value,R1,R2,R3,R4,R5,R6,R7,R8,R9,R10,R11,R12,R13,R14,R15,R16,R17,R18,R19,R20,R21,R22,R23,R24,R25,R26,R27,R28,R29,R30,R31,R32,R33,R34,R35,R36,R37,R38,R39,R40,R41,R42,R43,R44,R45,R46,R47,R48,R49,R50,R51,R52,R53,R54,R55,R56,R57,R58,R59,R60,R61,R62,R63,R64,R65,R66,R67,R68,R69,R70,R71,R72,R73,R74,R75,R76,R77,R78,R79,R80,R81,R82,R83,R84,R85,R86,R87,R88,R89,R90,R91,R92,R93,R94,R95,R96,R97,R98,R99

,,ヘッダー
,,--------

,,前提条件
,,--------
,,p,70.0
,,failure_rate,10.0
,,turn_system_name,alternating

,,大会で設定するルール
,,-------------------
,,h_step,1
,,t_step,2
,,span,3
,,shortest_coins,2
,,upper_limit_coins,6


1,スコアボード
1,-----------
1,,確率,0.09924365430000001

1,,,S,1,2,3,4,5
1,,表番,,A,B,A,B,A
1,,出目,,表,表,表,表,表
1,,Ａさん,3,2,2,1,1,0
1,,Ｂさん,3,3,2,2,1,1

1,,内容,達成で
1,,判定,Ａさんの勝ち


2,スコアボード
2,-----------
2,,確率,0.042532994700000014

2,,,S,1,2,3,4,5
2,,表番,,A,B,A,B,A
2,,出目,,表,表,表,表,裏
2,,Ａさん,3,2,2,1,1,1
2,,Ｂさん,3,3,2,2,1,-1

2,,内容,達成で
2,,判定,Ｂさんの勝ち


3,スコアボード
3,-----------
3,,確率,0.009924365430000002

3,,,S,1,2,3,4,5,6
3,,表番,,A,B,A,B,A,B
3,,出目,,表,表,表,表,失,表
3,,Ａさん,3,2,2,1,1,1,1
3,,Ｂさん,3,3,2,2,1,1,0

3,,内容,達成で
3,,判定,Ｂさんの勝ち


4,スコアボード
4,-----------
4,,確率,0.004253299470000002

4,,,S,1,2,3,4,5,6
4,,表番,,A,B,A,B,A,B
4,,出目,,表,表,表,表,失,裏
4,,Ａさん,3,2,2,1,1,1,-1
4,,Ｂさん,3,3,2,2,1,1,1

4,,内容,達成で
4,,判定,Ａさんの勝ち


5,スコアボード
5,-----------
5,,確率,0.0015752961000000004

5,,,S,1,2,3,4,5,6
5,,表番,,A,B,A,B,A,B
5,,出目,,表,表,表,表,失,失
5,,Ａさん,3,2,2,1,1,1,1
5,,Ｂさん,3,3,2,2,1,1,1

5,,内容,
5,,判定,勝者なし


6,スコアボード
6,-----------
6,,確率,0.06751269000000003

6,,,S,1,2,3,4
6,,表番,,A,B,A,B
6,,出目,,表,表,表,裏
6,,Ａさん,3,2,2,1,-1
6,,Ｂさん,3,3,2,2,2

6,,内容,達成で
6,,判定,Ａさんの勝ち


7,スコアボード
7,-----------
7,,確率,0.015752961000000003

7,,,S,1,2,3,4,5
7,,表番,,A,B,A,B,A
7,,出目,,表,表,表,失,表
7,,Ａさん,3,2,2,1,1,0
7,,Ｂさん,3,3,2,2,2,2

7,,内容,達成で
7,,判定,Ａさんの勝ち


8,スコアボード
8,-----------
8,,確率,0.006751269000000003

8,,,S,1,2,3,4,5
8,,表番,,A,B,A,B,A
8,,出目,,表,表,表,失,裏
8,,Ａさん,3,2,2,1,1,1
8,,Ｂさん,3,3,2,2,2,0

8,,内容,達成で
8,,判定,Ｂさんの勝ち


9,スコアボード
9,-----------
9,,確率,0.0015752961000000004

9,,,S,1,2,3,4,5,6
9,,表番,,A,B,A,B,A,B
9,,出目,,表,表,表,失,失,表
9,,Ａさん,3,2,2,1,1,1,1
9,,Ｂさん,3,3,2,2,2,2,1

9,,内容,
9,,判定,勝者なし


10,スコアボード
10,-----------
10,,確率,0.0006751269000000004

10,,,S,1,2,3,4,5,6
10,,表番,,A,B,A,B,A,B
10,,出目,,表,表,表,失,失,裏
10,,Ａさん,3,2,2,1,1,1,-1
10,,Ｂさん,3,3,2,2,2,2,2

10,,内容,達成で
10,,判定,Ａさんの勝ち


11,スコアボード
11,-----------
11,,確率,0.0002500470000000001

11,,,S,1,2,3,4,5,6
11,,表番,,A,B,A,B,A,B
11,,出目,,表,表,表,失,失,失
11,,Ａさん,3,2,2,1,1,1,1
11,,Ｂさん,3,3,2,2,2,2,2

11,,内容,勝ち点差で
11,,判定,Ａさんの勝ち


12,スコアボード
12,-----------
12,,確率,0.10716300000000004

12,,,S,1,2,3
12,,表番,,A,B,A
12,,出目,,表,表,裏
12,,Ａさん,3,2,2,2
12,,Ｂさん,3,3,2,0

12,,内容,達成で
12,,判定,Ｂさんの勝ち


13,スコアボード
13,-----------
13,,確率,0.00992436543

13,,,S,1,2,3,4,5,6
13,,表番,,A,B,A,B,A,B
13,,出目,,表,表,失,表,表,表
13,,Ａさん,3,2,2,2,2,1,1
13,,Ｂさん,3,3,2,2,1,1,0

13,,内容,達成で
13,,判定,Ｂさんの勝ち


14,スコアボード
14,-----------
14,,確率,0.004253299470000001

14,,,S,1,2,3,4,5,6
14,,表番,,A,B,A,B,A,B
14,,出目,,表,表,失,表,表,裏
14,,Ａさん,3,2,2,2,2,1,-1
14,,Ｂさん,3,3,2,2,1,1,1

14,,内容,達成で
14,,判定,Ａさんの勝ち


15,スコアボード
15,-----------
15,,確率,0.0015752961

15,,,S,1,2,3,4,5,6
15,,表番,,A,B,A,B,A,B
15,,出目,,表,表,失,表,表,失
15,,Ａさん,3,2,2,2,2,1,1
15,,Ｂさん,3,3,2,2,1,1,1

15,,内容,
15,,判定,勝者なし


16,スコアボード
16,-----------
16,,確率,0.0067512690000000024

16,,,S,1,2,3,4,5
16,,表番,,A,B,A,B,A
16,,出目,,表,表,失,表,裏
16,,Ａさん,3,2,2,2,2,2
16,,Ｂさん,3,3,2,2,1,-1

16,,内容,達成で
16,,判定,Ｂさんの勝ち


17,スコアボード
17,-----------
17,,確率,0.0015752961000000002

17,,,S,1,2,3,4,5,6
17,,表番,,A,B,A,B,A,B
17,,出目,,表,表,失,表,失,表
17,,Ａさん,3,2,2,2,2,2,2
17,,Ｂさん,3,3,2,2,1,1,0

17,,内容,達成で
17,,判定,Ｂさんの勝ち


18,スコアボード
18,-----------
18,,確率,0.0006751269000000003

18,,,S,1,2,3,4,5,6
18,,表番,,A,B,A,B,A,B
18,,出目,,表,表,失,表,失,裏
18,,Ａさん,3,2,2,2,2,2,0
18,,Ｂさん,3,3,2,2,1,1,1

18,,内容,達成で
18,,判定,Ａさんの勝ち


19,スコアボード
19,-----------
19,,確率,0.00025004700000000004

19,,,S,1,2,3,4,5,6
19,,表番,,A,B,A,B,A,B
19,,出目,,表,表,失,表,失,失
19,,Ａさん,3,2,2,2,2,2,2
19,,Ｂさん,3,3,2,2,1,1,1

19,,内容,勝ち点差で
19,,判定,Ｂさんの勝ち


20,スコアボード
20,-----------
20,,確率,0.010716300000000003

20,,,S,1,2,3,4
20,,表番,,A,B,A,B
20,,出目,,表,表,失,裏
20,,Ａさん,3,2,2,2,0
20,,Ｂさん,3,3,2,2,2

20,,内容,達成で
20,,判定,Ａさんの勝ち


21,スコアボード
21,-----------
21,,確率,0.0015752961000000002

21,,,S,1,2,3,4,5,6
21,,表番,,A,B,A,B,A,B
21,,出目,,表,表,失,失,表,表
21,,Ａさん,3,2,2,2,2,1,1
21,,Ｂさん,3,3,2,2,2,2,1

21,,内容,
21,,判定,勝者なし


22,スコアボード
22,-----------
22,,確率,0.0006751269000000003

22,,,S,1,2,3,4,5,6
22,,表番,,A,B,A,B,A,B
22,,出目,,表,表,失,失,表,裏
22,,Ａさん,3,2,2,2,2,1,-1
22,,Ｂさん,3,3,2,2,2,2,2

22,,内容,達成で
22,,判定,Ａさんの勝ち


23,スコアボード
23,-----------
23,,確率,0.00025004700000000004

23,,,S,1,2,3,4,5,6
23,,表番,,A,B,A,B,A,B
23,,出目,,表,表,失,失,表,失
23,,Ａさん,3,2,2,2,2,1,1
23,,Ｂさん,3,3,2,2,2,2,2

23,,内容,勝ち点差で
23,,判定,Ａさんの勝ち


24,スコアボード
24,-----------
24,,確率,0.0010716300000000003

24,,,S,1,2,3,4,5
24,,表番,,A,B,A,B,A
24,,出目,,表,表,失,失,裏
24,,Ａさん,3,2,2,2,2,2
24,,Ｂさん,3,3,2,2,2,0

24,,内容,達成で
24,,判定,Ｂさんの勝ち


25,スコアボード
25,-----------
25,,確率,0.00025004700000000004

25,,,S,1,2,3,4,5,6
25,,表番,,A,B,A,B,A,B
25,,出目,,表,表,失,失,失,表
25,,Ａさん,3,2,2,2,2,2,2
25,,Ｂさん,3,3,2,2,2,2,1

25,,内容,勝ち点差で
25,,判定,Ｂさんの勝ち


26,スコアボード
26,-----------
26,,確率,0.00010716300000000004

26,,,S,1,2,3,4,5,6
26,,表番,,A,B,A,B,A,B
26,,出目,,表,表,失,失,失,裏
26,,Ａさん,3,2,2,2,2,2,0
26,,Ｂさん,3,3,2,2,2,2,2

26,,内容,達成で
26,,判定,Ａさんの勝ち


27,スコアボード
27,-----------
27,,確率,3.969000000000001e-05

27,,,S,1,2,3,4,5,6
27,,表番,,A,B,A,B,A,B
27,,出目,,表,表,失,失,失,失
27,,Ａさん,3,2,2,2,2,2,2
27,,Ｂさん,3,3,2,2,2,2,2

27,,内容,
27,,判定,勝者なし


28,スコアボード
28,-----------
28,,確率,0.17010000000000006

28,,,S,1,2
28,,表番,,A,B
28,,出目,,表,裏
28,,Ａさん,3,2,0
28,,Ｂさん,3,3,3

28,,内容,達成で
28,,判定,Ａさんの勝ち


29,スコアボード
29,-----------
29,,確率,0.015752961

29,,,S,1,2,3,4,5
29,,表番,,A,B,A,B,A
29,,出目,,表,失,表,表,表
29,,Ａさん,3,2,2,1,1,0
29,,Ｂさん,3,3,3,3,2,2

29,,内容,達成で
29,,判定,Ａさんの勝ち


30,スコアボード
30,-----------
30,,確率,0.0067512690000000024

30,,,S,1,2,3,4,5
30,,表番,,A,B,A,B,A
30,,出目,,表,失,表,表,裏
30,,Ａさん,3,2,2,1,1,1
30,,Ｂさん,3,3,3,3,2,0

30,,内容,達成で
30,,判定,Ｂさんの勝ち


31,スコアボード
31,-----------
31,,確率,0.0015752961000000002

31,,,S,1,2,3,4,5,6
31,,表番,,A,B,A,B,A,B
31,,出目,,表,失,表,表,失,表
31,,Ａさん,3,2,2,1,1,1,1
31,,Ｂさん,3,3,3,3,2,2,1

31,,内容,
31,,判定,勝者なし


32,スコアボード
32,-----------
32,,確率,0.0006751269000000003

32,,,S,1,2,3,4,5,6
32,,表番,,A,B,A,B,A,B
32,,出目,,表,失,表,表,失,裏
32,,Ａさん,3,2,2,1,1,1,-1
32,,Ｂさん,3,3,3,3,2,2,2

32,,内容,達成で
32,,判定,Ａさんの勝ち


33,スコアボード
33,-----------
33,,確率,0.00025004700000000004

33,,,S,1,2,3,4,5,6
33,,表番,,A,B,A,B,A,B
33,,出目,,表,失,表,表,失,失
33,,Ａさん,3,2,2,1,1,1,1
33,,Ｂさん,3,3,3,3,2,2,2

33,,内容,勝ち点差で
33,,判定,Ａさんの勝ち


34,スコアボード
34,-----------
34,,確率,0.010716300000000003

34,,,S,1,2,3,4
34,,表番,,A,B,A,B
34,,出目,,表,失,表,裏
34,,Ａさん,3,2,2,1,-1
34,,Ｂさん,3,3,3,3,3

34,,内容,達成で
34,,判定,Ａさんの勝ち


35,スコアボード
35,-----------
35,,確率,0.0025004700000000003

35,,,S,1,2,3,4,5
35,,表番,,A,B,A,B,A
35,,出目,,表,失,表,失,表
35,,Ａさん,3,2,2,1,1,0
35,,Ｂさん,3,3,3,3,3,3

35,,内容,達成で
35,,判定,Ａさんの勝ち


36,スコアボード
36,-----------
36,,確率,0.0006751269000000002

36,,,S,1,2,3,4,5,6
36,,表番,,A,B,A,B,A,B
36,,出目,,表,失,表,失,裏,表
36,,Ａさん,3,2,2,1,1,1,1
36,,Ｂさん,3,3,3,3,3,1,0

36,,内容,達成で
36,,判定,Ｂさんの勝ち


37,スコアボード
37,-----------
37,,確率,0.00028934010000000016

37,,,S,1,2,3,4,5,6
37,,表番,,A,B,A,B,A,B
37,,出目,,表,失,表,失,裏,裏
37,,Ａさん,3,2,2,1,1,1,-1
37,,Ｂさん,3,3,3,3,3,1,1

37,,内容,達成で
37,,判定,Ａさんの勝ち


38,スコアボード
38,-----------
38,,確率,0.00010716300000000003

38,,,S,1,2,3,4,5,6
38,,表番,,A,B,A,B,A,B
38,,出目,,表,失,表,失,裏,失
38,,Ａさん,3,2,2,1,1,1,1
38,,Ｂさん,3,3,3,3,3,1,1

38,,内容,
38,,判定,勝者なし


39,スコアボード
39,-----------
39,,確率,0.00025004700000000004

39,,,S,1,2,3,4,5,6
39,,表番,,A,B,A,B,A,B
39,,出目,,表,失,表,失,失,表
39,,Ａさん,3,2,2,1,1,1,1
39,,Ｂさん,3,3,3,3,3,3,2

39,,内容,勝ち点差で
39,,判定,Ａさんの勝ち


40,スコアボード
40,-----------
40,,確率,0.00010716300000000004

40,,,S,1,2,3,4,5,6
40,,表番,,A,B,A,B,A,B
40,,出目,,表,失,表,失,失,裏
40,,Ａさん,3,2,2,1,1,1,-1
40,,Ｂさん,3,3,3,3,3,3,3

40,,内容,達成で
40,,判定,Ａさんの勝ち


41,スコアボード
41,-----------
41,,確率,3.969000000000001e-05

41,,,S,1,2,3,4,5,6
41,,表番,,A,B,A,B,A,B
41,,出目,,表,失,表,失,失,失
41,,Ａさん,3,2,2,1,1,1,1
41,,Ｂさん,3,3,3,3,3,3,3

41,,内容,勝ち点差で
41,,判定,Ａさんの勝ち


42,スコアボード
42,-----------
42,,確率,0.010716300000000003

42,,,S,1,2,3,4
42,,表番,,A,B,A,B
42,,出目,,表,失,裏,表
42,,Ａさん,3,2,2,2,2
42,,Ｂさん,3,3,3,1,0

42,,内容,達成で
42,,判定,Ｂさんの勝ち


43,スコアボード
43,-----------
43,,確率,0.0045927000000000025

43,,,S,1,2,3,4
43,,表番,,A,B,A,B
43,,出目,,表,失,裏,裏
43,,Ａさん,3,2,2,2,0
43,,Ｂさん,3,3,3,1,1

43,,内容,達成で
43,,判定,Ａさんの勝ち


44,スコアボード
44,-----------
44,,確率,0.0006751269000000002

44,,,S,1,2,3,4,5,6
44,,表番,,A,B,A,B,A,B
44,,出目,,表,失,裏,失,表,表
44,,Ａさん,3,2,2,2,2,1,1
44,,Ｂさん,3,3,3,1,1,1,0

44,,内容,達成で
44,,判定,Ｂさんの勝ち


45,スコアボード
45,-----------
45,,確率,0.00028934010000000016

45,,,S,1,2,3,4,5,6
45,,表番,,A,B,A,B,A,B
45,,出目,,表,失,裏,失,表,裏
45,,Ａさん,3,2,2,2,2,1,-1
45,,Ｂさん,3,3,3,1,1,1,1

45,,内容,達成で
45,,判定,Ａさんの勝ち


46,スコアボード
46,-----------
46,,確率,0.00010716300000000003

46,,,S,1,2,3,4,5,6
46,,表番,,A,B,A,B,A,B
46,,出目,,表,失,裏,失,表,失
46,,Ａさん,3,2,2,2,2,1,1
46,,Ｂさん,3,3,3,1,1,1,1

46,,内容,
46,,判定,勝者なし


47,スコアボード
47,-----------
47,,確率,0.00045927000000000023

47,,,S,1,2,3,4,5
47,,表番,,A,B,A,B,A
47,,出目,,表,失,裏,失,裏
47,,Ａさん,3,2,2,2,2,2
47,,Ｂさん,3,3,3,1,1,-1

47,,内容,達成で
47,,判定,Ｂさんの勝ち


48,スコアボード
48,-----------
48,,確率,0.00010716300000000004

48,,,S,1,2,3,4,5,6
48,,表番,,A,B,A,B,A,B
48,,出目,,表,失,裏,失,失,表
48,,Ａさん,3,2,2,2,2,2,2
48,,Ｂさん,3,3,3,1,1,1,0

48,,内容,達成で
48,,判定,Ｂさんの勝ち


49,スコアボード
49,-----------
49,,確率,4.592700000000003e-05

49,,,S,1,2,3,4,5,6
49,,表番,,A,B,A,B,A,B
49,,出目,,表,失,裏,失,失,裏
49,,Ａさん,3,2,2,2,2,2,0
49,,Ｂさん,3,3,3,1,1,1,1

49,,内容,達成で
49,,判定,Ａさんの勝ち


50,スコアボード
50,-----------
50,,確率,1.7010000000000008e-05

50,,,S,1,2,3,4,5,6
50,,表番,,A,B,A,B,A,B
50,,出目,,表,失,裏,失,失,失
50,,Ａさん,3,2,2,2,2,2,2
50,,Ｂさん,3,3,3,1,1,1,1

50,,内容,勝ち点差で
50,,判定,Ｂさんの勝ち


51,スコアボード
51,-----------
51,,確率,0.0015752961000000002

51,,,S,1,2,3,4,5,6
51,,表番,,A,B,A,B,A,B
51,,出目,,表,失,失,表,表,表
51,,Ａさん,3,2,2,2,2,1,1
51,,Ｂさん,3,3,3,3,2,2,1

51,,内容,
51,,判定,勝者なし


52,スコアボード
52,-----------
52,,確率,0.0006751269000000003

52,,,S,1,2,3,4,5,6
52,,表番,,A,B,A,B,A,B
52,,出目,,表,失,失,表,表,裏
52,,Ａさん,3,2,2,2,2,1,-1
52,,Ｂさん,3,3,3,3,2,2,2

52,,内容,達成で
52,,判定,Ａさんの勝ち


53,スコアボード
53,-----------
53,,確率,0.00025004700000000004

53,,,S,1,2,3,4,5,6
53,,表番,,A,B,A,B,A,B
53,,出目,,表,失,失,表,表,失
53,,Ａさん,3,2,2,2,2,1,1
53,,Ｂさん,3,3,3,3,2,2,2

53,,内容,勝ち点差で
53,,判定,Ａさんの勝ち


54,スコアボード
54,-----------
54,,確率,0.0010716300000000003

54,,,S,1,2,3,4,5
54,,表番,,A,B,A,B,A
54,,出目,,表,失,失,表,裏
54,,Ａさん,3,2,2,2,2,2
54,,Ｂさん,3,3,3,3,2,0

54,,内容,達成で
54,,判定,Ｂさんの勝ち


55,スコアボード
55,-----------
55,,確率,0.00025004700000000004

55,,,S,1,2,3,4,5,6
55,,表番,,A,B,A,B,A,B
55,,出目,,表,失,失,表,失,表
55,,Ａさん,3,2,2,2,2,2,2
55,,Ｂさん,3,3,3,3,2,2,1

55,,内容,勝ち点差で
55,,判定,Ｂさんの勝ち


56,スコアボード
56,-----------
56,,確率,0.00010716300000000004

56,,,S,1,2,3,4,5,6
56,,表番,,A,B,A,B,A,B
56,,出目,,表,失,失,表,失,裏
56,,Ａさん,3,2,2,2,2,2,0
56,,Ｂさん,3,3,3,3,2,2,2

56,,内容,達成で
56,,判定,Ａさんの勝ち


57,スコアボード
57,-----------
57,,確率,3.969000000000001e-05

57,,,S,1,2,3,4,5,6
57,,表番,,A,B,A,B,A,B
57,,出目,,表,失,失,表,失,失
57,,Ａさん,3,2,2,2,2,2,2
57,,Ｂさん,3,3,3,3,2,2,2

57,,内容,
57,,判定,勝者なし


58,スコアボード
58,-----------
58,,確率,0.0017010000000000005

58,,,S,1,2,3,4
58,,表番,,A,B,A,B
58,,出目,,表,失,失,裏
58,,Ａさん,3,2,2,2,0
58,,Ｂさん,3,3,3,3,3

58,,内容,達成で
58,,判定,Ａさんの勝ち


59,スコアボード
59,-----------
59,,確率,0.000250047

59,,,S,1,2,3,4,5,6
59,,表番,,A,B,A,B,A,B
59,,出目,,表,失,失,失,表,表
59,,Ａさん,3,2,2,2,2,1,1
59,,Ｂさん,3,3,3,3,3,3,2

59,,内容,勝ち点差で
59,,判定,Ａさんの勝ち


60,スコアボード
60,-----------
60,,確率,0.00010716300000000003

60,,,S,1,2,3,4,5,6
60,,表番,,A,B,A,B,A,B
60,,出目,,表,失,失,失,表,裏
60,,Ａさん,3,2,2,2,2,1,-1
60,,Ｂさん,3,3,3,3,3,3,3

60,,内容,達成で
60,,判定,Ａさんの勝ち


61,スコアボード
61,-----------
61,,確率,3.969e-05

61,,,S,1,2,3,4,5,6
61,,表番,,A,B,A,B,A,B
61,,出目,,表,失,失,失,表,失
61,,Ａさん,3,2,2,2,2,1,1
61,,Ｂさん,3,3,3,3,3,3,3

61,,内容,勝ち点差で
61,,判定,Ａさんの勝ち


62,スコアボード
62,-----------
62,,確率,0.00010716300000000003

62,,,S,1,2,3,4,5,6
62,,表番,,A,B,A,B,A,B
62,,出目,,表,失,失,失,裏,表
62,,Ａさん,3,2,2,2,2,2,2
62,,Ｂさん,3,3,3,3,3,1,0

62,,内容,達成で
62,,判定,Ｂさんの勝ち


63,スコアボード
63,-----------
63,,確率,4.592700000000002e-05

63,,,S,1,2,3,4,5,6
63,,表番,,A,B,A,B,A,B
63,,出目,,表,失,失,失,裏,裏
63,,Ａさん,3,2,2,2,2,2,0
63,,Ｂさん,3,3,3,3,3,1,1

63,,内容,達成で
63,,判定,Ａさんの勝ち


64,スコアボード
64,-----------
64,,確率,1.7010000000000005e-05

64,,,S,1,2,3,4,5,6
64,,表番,,A,B,A,B,A,B
64,,出目,,表,失,失,失,裏,失
64,,Ａさん,3,2,2,2,2,2,2
64,,Ｂさん,3,3,3,3,3,1,1

64,,内容,勝ち点差で
64,,判定,Ｂさんの勝ち


65,スコアボード
65,-----------
65,,確率,3.969e-05

65,,,S,1,2,3,4,5,6
65,,表番,,A,B,A,B,A,B
65,,出目,,表,失,失,失,失,表
65,,Ａさん,3,2,2,2,2,2,2
65,,Ｂさん,3,3,3,3,3,3,2

65,,内容,
65,,判定,勝者なし


66,スコアボード
66,-----------
66,,確率,1.7010000000000005e-05

66,,,S,1,2,3,4,5,6
66,,表番,,A,B,A,B,A,B
66,,出目,,表,失,失,失,失,裏
66,,Ａさん,3,2,2,2,2,2,0
66,,Ｂさん,3,3,3,3,3,3,3

66,,内容,達成で
66,,判定,Ａさんの勝ち


67,スコアボード
67,-----------
67,,確率,6.300000000000001e-06

67,,,S,1,2,3,4,5,6
67,,表番,,A,B,A,B,A,B
67,,出目,,表,失,失,失,失,失
67,,Ａさん,3,2,2,2,2,2,2
67,,Ｂさん,3,3,3,3,3,3,3

67,,内容,勝ち点差で
67,,判定,Ａさんの勝ち


68,スコアボード
68,-----------
68,,確率,0.17010000000000006

68,,,S,1,2
68,,表番,,A,B
68,,出目,,裏,表
68,,Ａさん,3,3,3
68,,Ｂさん,3,1,0

68,,内容,達成で
68,,判定,Ｂさんの勝ち


69,スコアボード
69,-----------
69,,確率,0.04592700000000002

69,,,S,1,2,3
69,,表番,,A,B,A
69,,出目,,裏,裏,表
69,,Ａさん,3,3,1,0
69,,Ｂさん,3,1,1,1

69,,内容,達成で
69,,判定,Ａさんの勝ち


70,スコアボード
70,-----------
70,,確率,0.019683000000000013

70,,,S,1,2,3
70,,表番,,A,B,A
70,,出目,,裏,裏,裏
70,,Ａさん,3,3,1,1
70,,Ｂさん,3,1,1,-1

70,,内容,達成で
70,,判定,Ｂさんの勝ち


71,スコアボード
71,-----------
71,,確率,0.0045927000000000025

71,,,S,1,2,3,4
71,,表番,,A,B,A,B
71,,出目,,裏,裏,失,表
71,,Ａさん,3,3,1,1,1
71,,Ｂさん,3,1,1,1,0

71,,内容,達成で
71,,判定,Ｂさんの勝ち


72,スコアボード
72,-----------
72,,確率,0.0019683000000000014

72,,,S,1,2,3,4
72,,表番,,A,B,A,B
72,,出目,,裏,裏,失,裏
72,,Ａさん,3,3,1,1,-1
72,,Ｂさん,3,1,1,1,1

72,,内容,達成で
72,,判定,Ａさんの勝ち


73,スコアボード
73,-----------
73,,確率,0.0004592700000000003

73,,,S,1,2,3,4,5
73,,表番,,A,B,A,B,A
73,,出目,,裏,裏,失,失,表
73,,Ａさん,3,3,1,1,1,0
73,,Ｂさん,3,1,1,1,1,1

73,,内容,達成で
73,,判定,Ａさんの勝ち


74,スコアボード
74,-----------
74,,確率,0.0001968300000000002

74,,,S,1,2,3,4,5
74,,表番,,A,B,A,B,A
74,,出目,,裏,裏,失,失,裏
74,,Ａさん,3,3,1,1,1,1
74,,Ｂさん,3,1,1,1,1,-1

74,,内容,達成で
74,,判定,Ｂさんの勝ち


75,スコアボード
75,-----------
75,,確率,4.592700000000003e-05

75,,,S,1,2,3,4,5,6
75,,表番,,A,B,A,B,A,B
75,,出目,,裏,裏,失,失,失,表
75,,Ａさん,3,3,1,1,1,1,1
75,,Ｂさん,3,1,1,1,1,1,0

75,,内容,達成で
75,,判定,Ｂさんの勝ち


76,スコアボード
76,-----------
76,,確率,1.9683000000000018e-05

76,,,S,1,2,3,4,5,6
76,,表番,,A,B,A,B,A,B
76,,出目,,裏,裏,失,失,失,裏
76,,Ａさん,3,3,1,1,1,1,-1
76,,Ｂさん,3,1,1,1,1,1,1

76,,内容,達成で
76,,判定,Ａさんの勝ち


77,スコアボード
77,-----------
77,,確率,7.290000000000006e-06

77,,,S,1,2,3,4,5,6
77,,表番,,A,B,A,B,A,B
77,,出目,,裏,裏,失,失,失,失
77,,Ａさん,3,3,1,1,1,1,1
77,,Ｂさん,3,1,1,1,1,1,1

77,,内容,
77,,判定,勝者なし


78,スコアボード
78,-----------
78,,確率,0.010716300000000005

78,,,S,1,2,3,4
78,,表番,,A,B,A,B
78,,出目,,裏,失,表,表
78,,Ａさん,3,3,3,2,2
78,,Ｂさん,3,1,1,1,0

78,,内容,達成で
78,,判定,Ｂさんの勝ち


79,スコアボード
79,-----------
79,,確率,0.004592700000000003

79,,,S,1,2,3,4
79,,表番,,A,B,A,B
79,,出目,,裏,失,表,裏
79,,Ａさん,3,3,3,2,0
79,,Ｂさん,3,1,1,1,1

79,,内容,達成で
79,,判定,Ａさんの勝ち


80,スコアボード
80,-----------
80,,確率,0.0006751269000000003

80,,,S,1,2,3,4,5,6
80,,表番,,A,B,A,B,A,B
80,,出目,,裏,失,表,失,表,表
80,,Ａさん,3,3,3,2,2,1,1
80,,Ｂさん,3,1,1,1,1,1,0

80,,内容,達成で
80,,判定,Ｂさんの勝ち


81,スコアボード
81,-----------
81,,確率,0.0002893401000000002

81,,,S,1,2,3,4,5,6
81,,表番,,A,B,A,B,A,B
81,,出目,,裏,失,表,失,表,裏
81,,Ａさん,3,3,3,2,2,1,-1
81,,Ｂさん,3,1,1,1,1,1,1

81,,内容,達成で
81,,判定,Ａさんの勝ち


82,スコアボード
82,-----------
82,,確率,0.00010716300000000006

82,,,S,1,2,3,4,5,6
82,,表番,,A,B,A,B,A,B
82,,出目,,裏,失,表,失,表,失
82,,Ａさん,3,3,3,2,2,1,1
82,,Ｂさん,3,1,1,1,1,1,1

82,,内容,
82,,判定,勝者なし


83,スコアボード
83,-----------
83,,確率,0.0004592700000000004

83,,,S,1,2,3,4,5
83,,表番,,A,B,A,B,A
83,,出目,,裏,失,表,失,裏
83,,Ａさん,3,3,3,2,2,2
83,,Ｂさん,3,1,1,1,1,-1

83,,内容,達成で
83,,判定,Ｂさんの勝ち


84,スコアボード
84,-----------
84,,確率,0.00010716300000000006

84,,,S,1,2,3,4,5,6
84,,表番,,A,B,A,B,A,B
84,,出目,,裏,失,表,失,失,表
84,,Ａさん,3,3,3,2,2,2,2
84,,Ｂさん,3,1,1,1,1,1,0

84,,内容,達成で
84,,判定,Ｂさんの勝ち


85,スコアボード
85,-----------
85,,確率,4.5927000000000036e-05

85,,,S,1,2,3,4,5,6
85,,表番,,A,B,A,B,A,B
85,,出目,,裏,失,表,失,失,裏
85,,Ａさん,3,3,3,2,2,2,0
85,,Ｂさん,3,1,1,1,1,1,1

85,,内容,達成で
85,,判定,Ａさんの勝ち


86,スコアボード
86,-----------
86,,確率,1.701000000000001e-05

86,,,S,1,2,3,4,5,6
86,,表番,,A,B,A,B,A,B
86,,出目,,裏,失,表,失,失,失
86,,Ａさん,3,3,3,2,2,2,2
86,,Ｂさん,3,1,1,1,1,1,1

86,,内容,勝ち点差で
86,,判定,Ｂさんの勝ち


87,スコアボード
87,-----------
87,,確率,0.007290000000000005

87,,,S,1,2,3
87,,表番,,A,B,A
87,,出目,,裏,失,裏
87,,Ａさん,3,3,3,3
87,,Ｂさん,3,1,1,-1

87,,内容,達成で
87,,判定,Ｂさんの勝ち


88,スコアボード
88,-----------
88,,確率,0.0017010000000000007

88,,,S,1,2,3,4
88,,表番,,A,B,A,B
88,,出目,,裏,失,失,表
88,,Ａさん,3,3,3,3,3
88,,Ｂさん,3,1,1,1,0

88,,内容,達成で
88,,判定,Ｂさんの勝ち


89,スコアボード
89,-----------
89,,確率,0.0004592700000000003

89,,,S,1,2,3,4,5
89,,表番,,A,B,A,B,A
89,,出目,,裏,失,失,裏,表
89,,Ａさん,3,3,3,3,1,0
89,,Ｂさん,3,1,1,1,1,1

89,,内容,達成で
89,,判定,Ａさんの勝ち


90,スコアボード
90,-----------
90,,確率,0.0001968300000000002

90,,,S,1,2,3,4,5
90,,表番,,A,B,A,B,A
90,,出目,,裏,失,失,裏,裏
90,,Ａさん,3,3,3,3,1,1
90,,Ｂさん,3,1,1,1,1,-1

90,,内容,達成で
90,,判定,Ｂさんの勝ち


91,スコアボード
91,-----------
91,,確率,4.592700000000003e-05

91,,,S,1,2,3,4,5,6
91,,表番,,A,B,A,B,A,B
91,,出目,,裏,失,失,裏,失,表
91,,Ａさん,3,3,3,3,1,1,1
91,,Ｂさん,3,1,1,1,1,1,0

91,,内容,達成で
91,,判定,Ｂさんの勝ち


92,スコアボード
92,-----------
92,,確率,1.9683000000000018e-05

92,,,S,1,2,3,4,5,6
92,,表番,,A,B,A,B,A,B
92,,出目,,裏,失,失,裏,失,裏
92,,Ａさん,3,3,3,3,1,1,-1
92,,Ｂさん,3,1,1,1,1,1,1

92,,内容,達成で
92,,判定,Ａさんの勝ち


93,スコアボード
93,-----------
93,,確率,7.290000000000006e-06

93,,,S,1,2,3,4,5,6
93,,表番,,A,B,A,B,A,B
93,,出目,,裏,失,失,裏,失,失
93,,Ａさん,3,3,3,3,1,1,1
93,,Ｂさん,3,1,1,1,1,1,1

93,,内容,
93,,判定,勝者なし


94,スコアボード
94,-----------
94,,確率,0.00010716300000000004

94,,,S,1,2,3,4,5,6
94,,表番,,A,B,A,B,A,B
94,,出目,,裏,失,失,失,表,表
94,,Ａさん,3,3,3,3,3,2,2
94,,Ｂさん,3,1,1,1,1,1,0

94,,内容,達成で
94,,判定,Ｂさんの勝ち


95,スコアボード
95,-----------
95,,確率,4.592700000000003e-05

95,,,S,1,2,3,4,5,6
95,,表番,,A,B,A,B,A,B
95,,出目,,裏,失,失,失,表,裏
95,,Ａさん,3,3,3,3,3,2,0
95,,Ｂさん,3,1,1,1,1,1,1

95,,内容,達成で
95,,判定,Ａさんの勝ち


96,スコアボード
96,-----------
96,,確率,1.7010000000000008e-05

96,,,S,1,2,3,4,5,6
96,,表番,,A,B,A,B,A,B
96,,出目,,裏,失,失,失,表,失
96,,Ａさん,3,3,3,3,3,2,2
96,,Ｂさん,3,1,1,1,1,1,1

96,,内容,勝ち点差で
96,,判定,Ｂさんの勝ち


97,スコアボード
97,-----------
97,,確率,7.290000000000005e-05

97,,,S,1,2,3,4,5
97,,表番,,A,B,A,B,A
97,,出目,,裏,失,失,失,裏
97,,Ａさん,3,3,3,3,3,3
97,,Ｂさん,3,1,1,1,1,-1

97,,内容,達成で
97,,判定,Ｂさんの勝ち


98,スコアボード
98,-----------
98,,確率,1.7010000000000008e-05

98,,,S,1,2,3,4,5,6
98,,表番,,A,B,A,B,A,B
98,,出目,,裏,失,失,失,失,表
98,,Ａさん,3,3,3,3,3,3,3
98,,Ｂさん,3,1,1,1,1,1,0

98,,内容,達成で
98,,判定,Ｂさんの勝ち


99,スコアボード
99,-----------
99,,確率,7.290000000000006e-06

99,,,S,1,2,3,4,5,6
99,,表番,,A,B,A,B,A,B
99,,出目,,裏,失,失,失,失,裏
99,,Ａさん,3,3,3,3,3,3,1
99,,Ｂさん,3,1,1,1,1,1,1

99,,内容,
99,,判定,勝者なし


100,スコアボード
100,-----------
100,,確率,2.7000000000000013e-06

100,,,S,1,2,3,4,5,6
100,,表番,,A,B,A,B,A,B
100,,出目,,裏,失,失,失,失,失
100,,Ａさん,3,3,3,3,3,3,3
100,,Ｂさん,3,1,1,1,1,1,1

100,,内容,勝ち点差で
100,,判定,Ｂさんの勝ち


101,スコアボード
101,-----------
101,,確率,0.00992436543

101,,,S,1,2,3,4,5,6
101,,表番,,A,B,A,B,A,B
101,,出目,,失,表,表,表,表,表
101,,Ａさん,3,3,3,2,2,1,1
101,,Ｂさん,3,3,2,2,1,1,0

101,,内容,達成で
101,,判定,Ｂさんの勝ち


102,スコアボード
102,-----------
102,,確率,0.004253299470000001

102,,,S,1,2,3,4,5,6
102,,表番,,A,B,A,B,A,B
102,,出目,,失,表,表,表,表,裏
102,,Ａさん,3,3,3,2,2,1,-1
102,,Ｂさん,3,3,2,2,1,1,1

102,,内容,達成で
102,,判定,Ａさんの勝ち


103,スコアボード
103,-----------
103,,確率,0.0015752961

103,,,S,1,2,3,4,5,6
103,,表番,,A,B,A,B,A,B
103,,出目,,失,表,表,表,表,失
103,,Ａさん,3,3,3,2,2,1,1
103,,Ｂさん,3,3,2,2,1,1,1

103,,内容,
103,,判定,勝者なし


104,スコアボード
104,-----------
104,,確率,0.0067512690000000024

104,,,S,1,2,3,4,5
104,,表番,,A,B,A,B,A
104,,出目,,失,表,表,表,裏
104,,Ａさん,3,3,3,2,2,2
104,,Ｂさん,3,3,2,2,1,-1

104,,内容,達成で
104,,判定,Ｂさんの勝ち


105,スコアボード
105,-----------
105,,確率,0.0015752961000000002

105,,,S,1,2,3,4,5,6
105,,表番,,A,B,A,B,A,B
105,,出目,,失,表,表,表,失,表
105,,Ａさん,3,3,3,2,2,2,2
105,,Ｂさん,3,3,2,2,1,1,0

105,,内容,達成で
105,,判定,Ｂさんの勝ち


106,スコアボード
106,-----------
106,,確率,0.0006751269000000003

106,,,S,1,2,3,4,5,6
106,,表番,,A,B,A,B,A,B
106,,出目,,失,表,表,表,失,裏
106,,Ａさん,3,3,3,2,2,2,0
106,,Ｂさん,3,3,2,2,1,1,1

106,,内容,達成で
106,,判定,Ａさんの勝ち


107,スコアボード
107,-----------
107,,確率,0.00025004700000000004

107,,,S,1,2,3,4,5,6
107,,表番,,A,B,A,B,A,B
107,,出目,,失,表,表,表,失,失
107,,Ａさん,3,3,3,2,2,2,2
107,,Ｂさん,3,3,2,2,1,1,1

107,,内容,勝ち点差で
107,,判定,Ｂさんの勝ち


108,スコアボード
108,-----------
108,,確率,0.010716300000000003

108,,,S,1,2,3,4
108,,表番,,A,B,A,B
108,,出目,,失,表,表,裏
108,,Ａさん,3,3,3,2,0
108,,Ｂさん,3,3,2,2,2

108,,内容,達成で
108,,判定,Ａさんの勝ち


109,スコアボード
109,-----------
109,,確率,0.0015752961000000002

109,,,S,1,2,3,4,5,6
109,,表番,,A,B,A,B,A,B
109,,出目,,失,表,表,失,表,表
109,,Ａさん,3,3,3,2,2,1,1
109,,Ｂさん,3,3,2,2,2,2,1

109,,内容,
109,,判定,勝者なし


110,スコアボード
110,-----------
110,,確率,0.0006751269000000003

110,,,S,1,2,3,4,5,6
110,,表番,,A,B,A,B,A,B
110,,出目,,失,表,表,失,表,裏
110,,Ａさん,3,3,3,2,2,1,-1
110,,Ｂさん,3,3,2,2,2,2,2

110,,内容,達成で
110,,判定,Ａさんの勝ち


111,スコアボード
111,-----------
111,,確率,0.00025004700000000004

111,,,S,1,2,3,4,5,6
111,,表番,,A,B,A,B,A,B
111,,出目,,失,表,表,失,表,失
111,,Ａさん,3,3,3,2,2,1,1
111,,Ｂさん,3,3,2,2,2,2,2

111,,内容,勝ち点差で
111,,判定,Ａさんの勝ち


112,スコアボード
112,-----------
112,,確率,0.0010716300000000003

112,,,S,1,2,3,4,5
112,,表番,,A,B,A,B,A
112,,出目,,失,表,表,失,裏
112,,Ａさん,3,3,3,2,2,2
112,,Ｂさん,3,3,2,2,2,0

112,,内容,達成で
112,,判定,Ｂさんの勝ち


113,スコアボード
113,-----------
113,,確率,0.00025004700000000004

113,,,S,1,2,3,4,5,6
113,,表番,,A,B,A,B,A,B
113,,出目,,失,表,表,失,失,表
113,,Ａさん,3,3,3,2,2,2,2
113,,Ｂさん,3,3,2,2,2,2,1

113,,内容,勝ち点差で
113,,判定,Ｂさんの勝ち


114,スコアボード
114,-----------
114,,確率,0.00010716300000000004

114,,,S,1,2,3,4,5,6
114,,表番,,A,B,A,B,A,B
114,,出目,,失,表,表,失,失,裏
114,,Ａさん,3,3,3,2,2,2,0
114,,Ｂさん,3,3,2,2,2,2,2

114,,内容,達成で
114,,判定,Ａさんの勝ち


115,スコアボード
115,-----------
115,,確率,3.969000000000001e-05

115,,,S,1,2,3,4,5,6
115,,表番,,A,B,A,B,A,B
115,,出目,,失,表,表,失,失,失
115,,Ａさん,3,3,3,2,2,2,2
115,,Ｂさん,3,3,2,2,2,2,2

115,,内容,
115,,判定,勝者なし


116,スコアボード
116,-----------
116,,確率,0.017010000000000004

116,,,S,1,2,3
116,,表番,,A,B,A
116,,出目,,失,表,裏
116,,Ａさん,3,3,3,3
116,,Ｂさん,3,3,2,0

116,,内容,達成で
116,,判定,Ｂさんの勝ち


117,スコアボード
117,-----------
117,,確率,0.0015752961000000002

117,,,S,1,2,3,4,5,6
117,,表番,,A,B,A,B,A,B
117,,出目,,失,表,失,表,表,表
117,,Ａさん,3,3,3,3,3,2,2
117,,Ｂさん,3,3,2,2,1,1,0

117,,内容,達成で
117,,判定,Ｂさんの勝ち


118,スコアボード
118,-----------
118,,確率,0.0006751269000000003

118,,,S,1,2,3,4,5,6
118,,表番,,A,B,A,B,A,B
118,,出目,,失,表,失,表,表,裏
118,,Ａさん,3,3,3,3,3,2,0
118,,Ｂさん,3,3,2,2,1,1,1

118,,内容,達成で
118,,判定,Ａさんの勝ち


119,スコアボード
119,-----------
119,,確率,0.00025004700000000004

119,,,S,1,2,3,4,5,6
119,,表番,,A,B,A,B,A,B
119,,出目,,失,表,失,表,表,失
119,,Ａさん,3,3,3,3,3,2,2
119,,Ｂさん,3,3,2,2,1,1,1

119,,内容,勝ち点差で
119,,判定,Ｂさんの勝ち


120,スコアボード
120,-----------
120,,確率,0.0010716300000000003

120,,,S,1,2,3,4,5
120,,表番,,A,B,A,B,A
120,,出目,,失,表,失,表,裏
120,,Ａさん,3,3,3,3,3,3
120,,Ｂさん,3,3,2,2,1,-1

120,,内容,達成で
120,,判定,Ｂさんの勝ち


121,スコアボード
121,-----------
121,,確率,0.00025004700000000004

121,,,S,1,2,3,4,5,6
121,,表番,,A,B,A,B,A,B
121,,出目,,失,表,失,表,失,表
121,,Ａさん,3,3,3,3,3,3,3
121,,Ｂさん,3,3,2,2,1,1,0

121,,内容,達成で
121,,判定,Ｂさんの勝ち


122,スコアボード
122,-----------
122,,確率,0.00010716300000000004

122,,,S,1,2,3,4,5,6
122,,表番,,A,B,A,B,A,B
122,,出目,,失,表,失,表,失,裏
122,,Ａさん,3,3,3,3,3,3,1
122,,Ｂさん,3,3,2,2,1,1,1

122,,内容,
122,,判定,勝者なし


123,スコアボード
123,-----------
123,,確率,3.969000000000001e-05

123,,,S,1,2,3,4,5,6
123,,表番,,A,B,A,B,A,B
123,,出目,,失,表,失,表,失,失
123,,Ａさん,3,3,3,3,3,3,3
123,,Ｂさん,3,3,2,2,1,1,1

123,,内容,勝ち点差で
123,,判定,Ｂさんの勝ち


124,スコアボード
124,-----------
124,,確率,0.0010716300000000003

124,,,S,1,2,3,4,5
124,,表番,,A,B,A,B,A
124,,出目,,失,表,失,裏,表
124,,Ａさん,3,3,3,3,1,0
124,,Ｂさん,3,3,2,2,2,2

124,,内容,達成で
124,,判定,Ａさんの勝ち


125,スコアボード
125,-----------
125,,確率,0.00045927000000000023

125,,,S,1,2,3,4,5
125,,表番,,A,B,A,B,A
125,,出目,,失,表,失,裏,裏
125,,Ａさん,3,3,3,3,1,1
125,,Ｂさん,3,3,2,2,2,0

125,,内容,達成で
125,,判定,Ｂさんの勝ち


126,スコアボード
126,-----------
126,,確率,0.00010716300000000004

126,,,S,1,2,3,4,5,6
126,,表番,,A,B,A,B,A,B
126,,出目,,失,表,失,裏,失,表
126,,Ａさん,3,3,3,3,1,1,1
126,,Ｂさん,3,3,2,2,2,2,1

126,,内容,
126,,判定,勝者なし


127,スコアボード
127,-----------
127,,確率,4.592700000000003e-05

127,,,S,1,2,3,4,5,6
127,,表番,,A,B,A,B,A,B
127,,出目,,失,表,失,裏,失,裏
127,,Ａさん,3,3,3,3,1,1,-1
127,,Ｂさん,3,3,2,2,2,2,2

127,,内容,達成で
127,,判定,Ａさんの勝ち


128,スコアボード
128,-----------
128,,確率,1.7010000000000008e-05

128,,,S,1,2,3,4,5,6
128,,表番,,A,B,A,B,A,B
128,,出目,,失,表,失,裏,失,失
128,,Ａさん,3,3,3,3,1,1,1
128,,Ｂさん,3,3,2,2,2,2,2

128,,内容,勝ち点差で
128,,判定,Ａさんの勝ち


129,スコアボード
129,-----------
129,,確率,0.000250047

129,,,S,1,2,3,4,5,6
129,,表番,,A,B,A,B,A,B
129,,出目,,失,表,失,失,表,表
129,,Ａさん,3,3,3,3,3,2,2
129,,Ｂさん,3,3,2,2,2,2,1

129,,内容,勝ち点差で
129,,判定,Ｂさんの勝ち


130,スコアボード
130,-----------
130,,確率,0.00010716300000000003

130,,,S,1,2,3,4,5,6
130,,表番,,A,B,A,B,A,B
130,,出目,,失,表,失,失,表,裏
130,,Ａさん,3,3,3,3,3,2,0
130,,Ｂさん,3,3,2,2,2,2,2

130,,内容,達成で
130,,判定,Ａさんの勝ち


131,スコアボード
131,-----------
131,,確率,3.969e-05

131,,,S,1,2,3,4,5,6
131,,表番,,A,B,A,B,A,B
131,,出目,,失,表,失,失,表,失
131,,Ａさん,3,3,3,3,3,2,2
131,,Ｂさん,3,3,2,2,2,2,2

131,,内容,
131,,判定,勝者なし


132,スコアボード
132,-----------
132,,確率,0.00017010000000000004

132,,,S,1,2,3,4,5
132,,表番,,A,B,A,B,A
132,,出目,,失,表,失,失,裏
132,,Ａさん,3,3,3,3,3,3
132,,Ｂさん,3,3,2,2,2,0

132,,内容,達成で
132,,判定,Ｂさんの勝ち


133,スコアボード
133,-----------
133,,確率,3.969e-05

133,,,S,1,2,3,4,5,6
133,,表番,,A,B,A,B,A,B
133,,出目,,失,表,失,失,失,表
133,,Ａさん,3,3,3,3,3,3,3
133,,Ｂさん,3,3,2,2,2,2,1

133,,内容,勝ち点差で
133,,判定,Ｂさんの勝ち


134,スコアボード
134,-----------
134,,確率,1.7010000000000005e-05

134,,,S,1,2,3,4,5,6
134,,表番,,A,B,A,B,A,B
134,,出目,,失,表,失,失,失,裏
134,,Ａさん,3,3,3,3,3,3,1
134,,Ｂさん,3,3,2,2,2,2,2

134,,内容,勝ち点差で
134,,判定,Ａさんの勝ち


135,スコアボード
135,-----------
135,,確率,6.300000000000001e-06

135,,,S,1,2,3,4,5,6
135,,表番,,A,B,A,B,A,B
135,,出目,,失,表,失,失,失,失
135,,Ａさん,3,3,3,3,3,3,3
135,,Ｂさん,3,3,2,2,2,2,2

135,,内容,勝ち点差で
135,,判定,Ｂさんの勝ち


136,スコアボード
136,-----------
136,,確率,0.017010000000000008

136,,,S,1,2,3
136,,表番,,A,B,A
136,,出目,,失,裏,表
136,,Ａさん,3,3,1,0
136,,Ｂさん,3,3,3,3

136,,内容,達成で
136,,判定,Ａさんの勝ち


137,スコアボード
137,-----------
137,,確率,0.004592700000000003

137,,,S,1,2,3,4
137,,表番,,A,B,A,B
137,,出目,,失,裏,裏,表
137,,Ａさん,3,3,1,1,1
137,,Ｂさん,3,3,3,1,0

137,,内容,達成で
137,,判定,Ｂさんの勝ち


138,スコアボード
138,-----------
138,,確率,0.001968300000000002

138,,,S,1,2,3,4
138,,表番,,A,B,A,B
138,,出目,,失,裏,裏,裏
138,,Ａさん,3,3,1,1,-1
138,,Ｂさん,3,3,3,1,1

138,,内容,達成で
138,,判定,Ａさんの勝ち


139,スコアボード
139,-----------
139,,確率,0.0004592700000000003

139,,,S,1,2,3,4,5
139,,表番,,A,B,A,B,A
139,,出目,,失,裏,裏,失,表
139,,Ａさん,3,3,1,1,1,0
139,,Ｂさん,3,3,3,1,1,1

139,,内容,達成で
139,,判定,Ａさんの勝ち


140,スコアボード
140,-----------
140,,確率,0.0001968300000000002

140,,,S,1,2,3,4,5
140,,表番,,A,B,A,B,A
140,,出目,,失,裏,裏,失,裏
140,,Ａさん,3,3,1,1,1,1
140,,Ｂさん,3,3,3,1,1,-1

140,,内容,達成で
140,,判定,Ｂさんの勝ち


141,スコアボード
141,-----------
141,,確率,4.592700000000003e-05

141,,,S,1,2,3,4,5,6
141,,表番,,A,B,A,B,A,B
141,,出目,,失,裏,裏,失,失,表
141,,Ａさん,3,3,1,1,1,1,1
141,,Ｂさん,3,3,3,1,1,1,0

141,,内容,達成で
141,,判定,Ｂさんの勝ち


142,スコアボード
142,-----------
142,,確率,1.9683000000000018e-05

142,,,S,1,2,3,4,5,6
142,,表番,,A,B,A,B,A,B
142,,出目,,失,裏,裏,失,失,裏
142,,Ａさん,3,3,1,1,1,1,-1
142,,Ｂさん,3,3,3,1,1,1,1

142,,内容,達成で
142,,判定,Ａさんの勝ち


143,スコアボード
143,-----------
143,,確率,7.290000000000006e-06

143,,,S,1,2,3,4,5,6
143,,表番,,A,B,A,B,A,B
143,,出目,,失,裏,裏,失,失,失
143,,Ａさん,3,3,1,1,1,1,1
143,,Ｂさん,3,3,3,1,1,1,1

143,,内容,
143,,判定,勝者なし


144,スコアボード
144,-----------
144,,確率,0.0010716300000000005

144,,,S,1,2,3,4,5
144,,表番,,A,B,A,B,A
144,,出目,,失,裏,失,表,表
144,,Ａさん,3,3,1,1,1,0
144,,Ｂさん,3,3,3,3,2,2

144,,内容,達成で
144,,判定,Ａさんの勝ち


145,スコアボード
145,-----------
145,,確率,0.0004592700000000003

145,,,S,1,2,3,4,5
145,,表番,,A,B,A,B,A
145,,出目,,失,裏,失,表,裏
145,,Ａさん,3,3,1,1,1,1
145,,Ｂさん,3,3,3,3,2,0

145,,内容,達成で
145,,判定,Ｂさんの勝ち


146,スコアボード
146,-----------
146,,確率,0.00010716300000000004

146,,,S,1,2,3,4,5,6
146,,表番,,A,B,A,B,A,B
146,,出目,,失,裏,失,表,失,表
146,,Ａさん,3,3,1,1,1,1,1
146,,Ｂさん,3,3,3,3,2,2,1

146,,内容,
146,,判定,勝者なし


147,スコアボード
147,-----------
147,,確率,4.592700000000003e-05

147,,,S,1,2,3,4,5,6
147,,表番,,A,B,A,B,A,B
147,,出目,,失,裏,失,表,失,裏
147,,Ａさん,3,3,1,1,1,1,-1
147,,Ｂさん,3,3,3,3,2,2,2

147,,内容,達成で
147,,判定,Ａさんの勝ち


148,スコアボード
148,-----------
148,,確率,1.7010000000000008e-05

148,,,S,1,2,3,4,5,6
148,,表番,,A,B,A,B,A,B
148,,出目,,失,裏,失,表,失,失
148,,Ａさん,3,3,1,1,1,1,1
148,,Ｂさん,3,3,3,3,2,2,2

148,,内容,勝ち点差で
148,,判定,Ａさんの勝ち


149,スコアボード
149,-----------
149,,確率,0.0007290000000000005

149,,,S,1,2,3,4
149,,表番,,A,B,A,B
149,,出目,,失,裏,失,裏
149,,Ａさん,3,3,1,1,-1
149,,Ｂさん,3,3,3,3,3

149,,内容,達成で
149,,判定,Ａさんの勝ち


150,スコアボード
150,-----------
150,,確率,0.00017010000000000007

150,,,S,1,2,3,4,5
150,,表番,,A,B,A,B,A
150,,出目,,失,裏,失,失,表
150,,Ａさん,3,3,1,1,1,0
150,,Ｂさん,3,3,3,3,3,3

150,,内容,達成で
150,,判定,Ａさんの勝ち


151,スコアボード
151,-----------
151,,確率,4.592700000000003e-05

151,,,S,1,2,3,4,5,6
151,,表番,,A,B,A,B,A,B
151,,出目,,失,裏,失,失,裏,表
151,,Ａさん,3,3,1,1,1,1,1
151,,Ｂさん,3,3,3,3,3,1,0

151,,内容,達成で
151,,判定,Ｂさんの勝ち


152,スコアボード
152,-----------
152,,確率,1.9683000000000018e-05

152,,,S,1,2,3,4,5,6
152,,表番,,A,B,A,B,A,B
152,,出目,,失,裏,失,失,裏,裏
152,,Ａさん,3,3,1,1,1,1,-1
152,,Ｂさん,3,3,3,3,3,1,1

152,,内容,達成で
152,,判定,Ａさんの勝ち


153,スコアボード
153,-----------
153,,確率,7.290000000000006e-06

153,,,S,1,2,3,4,5,6
153,,表番,,A,B,A,B,A,B
153,,出目,,失,裏,失,失,裏,失
153,,Ａさん,3,3,1,1,1,1,1
153,,Ｂさん,3,3,3,3,3,1,1

153,,内容,
153,,判定,勝者なし


154,スコアボード
154,-----------
154,,確率,1.7010000000000008e-05

154,,,S,1,2,3,4,5,6
154,,表番,,A,B,A,B,A,B
154,,出目,,失,裏,失,失,失,表
154,,Ａさん,3,3,1,1,1,1,1
154,,Ｂさん,3,3,3,3,3,3,2

154,,内容,勝ち点差で
154,,判定,Ａさんの勝ち


155,スコアボード
155,-----------
155,,確率,7.290000000000006e-06

155,,,S,1,2,3,4,5,6
155,,表番,,A,B,A,B,A,B
155,,出目,,失,裏,失,失,失,裏
155,,Ａさん,3,3,1,1,1,1,-1
155,,Ｂさん,3,3,3,3,3,3,3

155,,内容,達成で
155,,判定,Ａさんの勝ち


156,スコアボード
156,-----------
156,,確率,2.7000000000000013e-06

156,,,S,1,2,3,4,5,6
156,,表番,,A,B,A,B,A,B
156,,出目,,失,裏,失,失,失,失
156,,Ａさん,3,3,1,1,1,1,1
156,,Ｂさん,3,3,3,3,3,3,3

156,,内容,勝ち点差で
156,,判定,Ａさんの勝ち


157,スコアボード
157,-----------
157,,確率,0.0015752961000000002

157,,,S,1,2,3,4,5,6
157,,表番,,A,B,A,B,A,B
157,,出目,,失,失,表,表,表,表
157,,Ａさん,3,3,3,2,2,1,1
157,,Ｂさん,3,3,3,3,2,2,1

157,,内容,
157,,判定,勝者なし


158,スコアボード
158,-----------
158,,確率,0.0006751269000000003

158,,,S,1,2,3,4,5,6
158,,表番,,A,B,A,B,A,B
158,,出目,,失,失,表,表,表,裏
158,,Ａさん,3,3,3,2,2,1,-1
158,,Ｂさん,3,3,3,3,2,2,2

158,,内容,達成で
158,,判定,Ａさんの勝ち


159,スコアボード
159,-----------
159,,確率,0.00025004700000000004

159,,,S,1,2,3,4,5,6
159,,表番,,A,B,A,B,A,B
159,,出目,,失,失,表,表,表,失
159,,Ａさん,3,3,3,2,2,1,1
159,,Ｂさん,3,3,3,3,2,2,2

159,,内容,勝ち点差で
159,,判定,Ａさんの勝ち


160,スコアボード
160,-----------
160,,確率,0.0010716300000000003

160,,,S,1,2,3,4,5
160,,表番,,A,B,A,B,A
160,,出目,,失,失,表,表,裏
160,,Ａさん,3,3,3,2,2,2
160,,Ｂさん,3,3,3,3,2,0

160,,内容,達成で
160,,判定,Ｂさんの勝ち


161,スコアボード
161,-----------
161,,確率,0.00025004700000000004

161,,,S,1,2,3,4,5,6
161,,表番,,A,B,A,B,A,B
161,,出目,,失,失,表,表,失,表
161,,Ａさん,3,3,3,2,2,2,2
161,,Ｂさん,3,3,3,3,2,2,1

161,,内容,勝ち点差で
161,,判定,Ｂさんの勝ち


162,スコアボード
162,-----------
162,,確率,0.00010716300000000004

162,,,S,1,2,3,4,5,6
162,,表番,,A,B,A,B,A,B
162,,出目,,失,失,表,表,失,裏
162,,Ａさん,3,3,3,2,2,2,0
162,,Ｂさん,3,3,3,3,2,2,2

162,,内容,達成で
162,,判定,Ａさんの勝ち


163,スコアボード
163,-----------
163,,確率,3.969000000000001e-05

163,,,S,1,2,3,4,5,6
163,,表番,,A,B,A,B,A,B
163,,出目,,失,失,表,表,失,失
163,,Ａさん,3,3,3,2,2,2,2
163,,Ｂさん,3,3,3,3,2,2,2

163,,内容,
163,,判定,勝者なし


164,スコアボード
164,-----------
164,,確率,0.0017010000000000007

164,,,S,1,2,3,4
164,,表番,,A,B,A,B
164,,出目,,失,失,表,裏
164,,Ａさん,3,3,3,2,0
164,,Ｂさん,3,3,3,3,3

164,,内容,達成で
164,,判定,Ａさんの勝ち


165,スコアボード
165,-----------
165,,確率,0.0002500470000000001

165,,,S,1,2,3,4,5,6
165,,表番,,A,B,A,B,A,B
165,,出目,,失,失,表,失,表,表
165,,Ａさん,3,3,3,2,2,1,1
165,,Ｂさん,3,3,3,3,3,3,2

165,,内容,勝ち点差で
165,,判定,Ａさんの勝ち


166,スコアボード
166,-----------
166,,確率,0.00010716300000000006

166,,,S,1,2,3,4,5,6
166,,表番,,A,B,A,B,A,B
166,,出目,,失,失,表,失,表,裏
166,,Ａさん,3,3,3,2,2,1,-1
166,,Ｂさん,3,3,3,3,3,3,3

166,,内容,達成で
166,,判定,Ａさんの勝ち


167,スコアボード
167,-----------
167,,確率,3.9690000000000015e-05

167,,,S,1,2,3,4,5,6
167,,表番,,A,B,A,B,A,B
167,,出目,,失,失,表,失,表,失
167,,Ａさん,3,3,3,2,2,1,1
167,,Ｂさん,3,3,3,3,3,3,3

167,,内容,勝ち点差で
167,,判定,Ａさんの勝ち


168,スコアボード
168,-----------
168,,確率,0.00010716300000000006

168,,,S,1,2,3,4,5,6
168,,表番,,A,B,A,B,A,B
168,,出目,,失,失,表,失,裏,表
168,,Ａさん,3,3,3,2,2,2,2
168,,Ｂさん,3,3,3,3,3,1,0

168,,内容,達成で
168,,判定,Ｂさんの勝ち


169,スコアボード
169,-----------
169,,確率,4.5927000000000036e-05

169,,,S,1,2,3,4,5,6
169,,表番,,A,B,A,B,A,B
169,,出目,,失,失,表,失,裏,裏
169,,Ａさん,3,3,3,2,2,2,0
169,,Ｂさん,3,3,3,3,3,1,1

169,,内容,達成で
169,,判定,Ａさんの勝ち


170,スコアボード
170,-----------
170,,確率,1.701000000000001e-05

170,,,S,1,2,3,4,5,6
170,,表番,,A,B,A,B,A,B
170,,出目,,失,失,表,失,裏,失
170,,Ａさん,3,3,3,2,2,2,2
170,,Ｂさん,3,3,3,3,3,1,1

170,,内容,勝ち点差で
170,,判定,Ｂさんの勝ち


171,スコアボード
171,-----------
171,,確率,3.969000000000001e-05

171,,,S,1,2,3,4,5,6
171,,表番,,A,B,A,B,A,B
171,,出目,,失,失,表,失,失,表
171,,Ａさん,3,3,3,2,2,2,2
171,,Ｂさん,3,3,3,3,3,3,2

171,,内容,
171,,判定,勝者なし


172,スコアボード
172,-----------
172,,確率,1.7010000000000008e-05

172,,,S,1,2,3,4,5,6
172,,表番,,A,B,A,B,A,B
172,,出目,,失,失,表,失,失,裏
172,,Ａさん,3,3,3,2,2,2,0
172,,Ｂさん,3,3,3,3,3,3,3

172,,内容,達成で
172,,判定,Ａさんの勝ち


173,スコアボード
173,-----------
173,,確率,6.3000000000000015e-06

173,,,S,1,2,3,4,5,6
173,,表番,,A,B,A,B,A,B
173,,出目,,失,失,表,失,失,失
173,,Ａさん,3,3,3,2,2,2,2
173,,Ｂさん,3,3,3,3,3,3,3

173,,内容,勝ち点差で
173,,判定,Ａさんの勝ち


174,スコアボード
174,-----------
174,,確率,0.001701000000000001

174,,,S,1,2,3,4
174,,表番,,A,B,A,B
174,,出目,,失,失,裏,表
174,,Ａさん,3,3,3,3,3
174,,Ｂさん,3,3,3,1,0

174,,内容,達成で
174,,判定,Ｂさんの勝ち


175,スコアボード
175,-----------
175,,確率,0.0004592700000000004

175,,,S,1,2,3,4,5
175,,表番,,A,B,A,B,A
175,,出目,,失,失,裏,裏,表
175,,Ａさん,3,3,3,3,1,0
175,,Ｂさん,3,3,3,1,1,1

175,,内容,達成で
175,,判定,Ａさんの勝ち


176,スコアボード
176,-----------
176,,確率,0.00019683000000000021

176,,,S,1,2,3,4,5
176,,表番,,A,B,A,B,A
176,,出目,,失,失,裏,裏,裏
176,,Ａさん,3,3,3,3,1,1
176,,Ｂさん,3,3,3,1,1,-1

176,,内容,達成で
176,,判定,Ｂさんの勝ち


177,スコアボード
177,-----------
177,,確率,4.592700000000004e-05

177,,,S,1,2,3,4,5,6
177,,表番,,A,B,A,B,A,B
177,,出目,,失,失,裏,裏,失,表
177,,Ａさん,3,3,3,3,1,1,1
177,,Ｂさん,3,3,3,1,1,1,0

177,,内容,達成で
177,,判定,Ｂさんの勝ち


178,スコアボード
178,-----------
178,,確率,1.968300000000002e-05

178,,,S,1,2,3,4,5,6
178,,表番,,A,B,A,B,A,B
178,,出目,,失,失,裏,裏,失,裏
178,,Ａさん,3,3,3,3,1,1,-1
178,,Ｂさん,3,3,3,1,1,1,1

178,,内容,達成で
178,,判定,Ａさんの勝ち


179,スコアボード
179,-----------
179,,確率,7.2900000000000064e-06

179,,,S,1,2,3,4,5,6
179,,表番,,A,B,A,B,A,B
179,,出目,,失,失,裏,裏,失,失
179,,Ａさん,3,3,3,3,1,1,1
179,,Ｂさん,3,3,3,1,1,1,1

179,,内容,
179,,判定,勝者なし


180,スコアボード
180,-----------
180,,確率,0.00010716300000000006

180,,,S,1,2,3,4,5,6
180,,表番,,A,B,A,B,A,B
180,,出目,,失,失,裏,失,表,表
180,,Ａさん,3,3,3,3,3,2,2
180,,Ｂさん,3,3,3,1,1,1,0

180,,内容,達成で
180,,判定,Ｂさんの勝ち


181,スコアボード
181,-----------
181,,確率,4.5927000000000036e-05

181,,,S,1,2,3,4,5,6
181,,表番,,A,B,A,B,A,B
181,,出目,,失,失,裏,失,表,裏
181,,Ａさん,3,3,3,3,3,2,0
181,,Ｂさん,3,3,3,1,1,1,1

181,,内容,達成で
181,,判定,Ａさんの勝ち


182,スコアボード
182,-----------
182,,確率,1.701000000000001e-05

182,,,S,1,2,3,4,5,6
182,,表番,,A,B,A,B,A,B
182,,出目,,失,失,裏,失,表,失
182,,Ａさん,3,3,3,3,3,2,2
182,,Ｂさん,3,3,3,1,1,1,1

182,,内容,勝ち点差で
182,,判定,Ｂさんの勝ち


183,スコアボード
183,-----------
183,,確率,7.290000000000006e-05

183,,,S,1,2,3,4,5
183,,表番,,A,B,A,B,A
183,,出目,,失,失,裏,失,裏
183,,Ａさん,3,3,3,3,3,3
183,,Ｂさん,3,3,3,1,1,-1

183,,内容,達成で
183,,判定,Ｂさんの勝ち


184,スコアボード
184,-----------
184,,確率,1.701000000000001e-05

184,,,S,1,2,3,4,5,6
184,,表番,,A,B,A,B,A,B
184,,出目,,失,失,裏,失,失,表
184,,Ａさん,3,3,3,3,3,3,3
184,,Ｂさん,3,3,3,1,1,1,0

184,,内容,達成で
184,,判定,Ｂさんの勝ち


185,スコアボード
185,-----------
185,,確率,7.290000000000007e-06

185,,,S,1,2,3,4,5,6
185,,表番,,A,B,A,B,A,B
185,,出目,,失,失,裏,失,失,裏
185,,Ａさん,3,3,3,3,3,3,1
185,,Ｂさん,3,3,3,1,1,1,1

185,,内容,
185,,判定,勝者なし


186,スコアボード
186,-----------
186,,確率,2.700000000000002e-06

186,,,S,1,2,3,4,5,6
186,,表番,,A,B,A,B,A,B
186,,出目,,失,失,裏,失,失,失
186,,Ａさん,3,3,3,3,3,3,3
186,,Ｂさん,3,3,3,1,1,1,1

186,,内容,勝ち点差で
186,,判定,Ｂさんの勝ち


187,スコアボード
187,-----------
187,,確率,0.0002500470000000001

187,,,S,1,2,3,4,5,6
187,,表番,,A,B,A,B,A,B
187,,出目,,失,失,失,表,表,表
187,,Ａさん,3,3,3,3,3,2,2
187,,Ｂさん,3,3,3,3,2,2,1

187,,内容,勝ち点差で
187,,判定,Ｂさんの勝ち


188,スコアボード
188,-----------
188,,確率,0.00010716300000000006

188,,,S,1,2,3,4,5,6
188,,表番,,A,B,A,B,A,B
188,,出目,,失,失,失,表,表,裏
188,,Ａさん,3,3,3,3,3,2,0
188,,Ｂさん,3,3,3,3,2,2,2

188,,内容,達成で
188,,判定,Ａさんの勝ち


189,スコアボード
189,-----------
189,,確率,3.9690000000000015e-05

189,,,S,1,2,3,4,5,6
189,,表番,,A,B,A,B,A,B
189,,出目,,失,失,失,表,表,失
189,,Ａさん,3,3,3,3,3,2,2
189,,Ｂさん,3,3,3,3,2,2,2

189,,内容,
189,,判定,勝者なし


190,スコアボード
190,-----------
190,,確率,0.0001701000000000001

190,,,S,1,2,3,4,5
190,,表番,,A,B,A,B,A
190,,出目,,失,失,失,表,裏
190,,Ａさん,3,3,3,3,3,3
190,,Ｂさん,3,3,3,3,2,0

190,,内容,達成で
190,,判定,Ｂさんの勝ち


191,スコアボード
191,-----------
191,,確率,3.969000000000001e-05

191,,,S,1,2,3,4,5,6
191,,表番,,A,B,A,B,A,B
191,,出目,,失,失,失,表,失,表
191,,Ａさん,3,3,3,3,3,3,3
191,,Ｂさん,3,3,3,3,2,2,1

191,,内容,勝ち点差で
191,,判定,Ｂさんの勝ち


192,スコアボード
192,-----------
192,,確率,1.7010000000000008e-05

192,,,S,1,2,3,4,5,6
192,,表番,,A,B,A,B,A,B
192,,出目,,失,失,失,表,失,裏
192,,Ａさん,3,3,3,3,3,3,1
192,,Ｂさん,3,3,3,3,2,2,2

192,,内容,勝ち点差で
192,,判定,Ａさんの勝ち


193,スコアボード
193,-----------
193,,確率,6.3000000000000015e-06

193,,,S,1,2,3,4,5,6
193,,表番,,A,B,A,B,A,B
193,,出目,,失,失,失,表,失,失
193,,Ａさん,3,3,3,3,3,3,3
193,,Ｂさん,3,3,3,3,2,2,2

193,,内容,勝ち点差で
193,,判定,Ｂさんの勝ち


194,スコアボード
194,-----------
194,,確率,0.00017010000000000007

194,,,S,1,2,3,4,5
194,,表番,,A,B,A,B,A
194,,出目,,失,失,失,裏,表
194,,Ａさん,3,3,3,3,1,0
194,,Ｂさん,3,3,3,3,3,3

194,,内容,達成で
194,,判定,Ａさんの勝ち


195,スコアボード
195,-----------
195,,確率,4.592700000000003e-05

195,,,S,1,2,3,4,5,6
195,,表番,,A,B,A,B,A,B
195,,出目,,失,失,失,裏,裏,表
195,,Ａさん,3,3,3,3,1,1,1
195,,Ｂさん,3,3,3,3,3,1,0

195,,内容,達成で
195,,判定,Ｂさんの勝ち


196,スコアボード
196,-----------
196,,確率,1.9683000000000018e-05

196,,,S,1,2,3,4,5,6
196,,表番,,A,B,A,B,A,B
196,,出目,,失,失,失,裏,裏,裏
196,,Ａさん,3,3,3,3,1,1,-1
196,,Ｂさん,3,3,3,3,3,1,1

196,,内容,達成で
196,,判定,Ａさんの勝ち


197,スコアボード
197,-----------
197,,確率,7.290000000000006e-06

197,,,S,1,2,3,4,5,6
197,,表番,,A,B,A,B,A,B
197,,出目,,失,失,失,裏,裏,失
197,,Ａさん,3,3,3,3,1,1,1
197,,Ｂさん,3,3,3,3,3,1,1

197,,内容,
197,,判定,勝者なし


198,スコアボード
198,-----------
198,,確率,1.7010000000000008e-05

198,,,S,1,2,3,4,5,6
198,,表番,,A,B,A,B,A,B
198,,出目,,失,失,失,裏,失,表
198,,Ａさん,3,3,3,3,1,1,1
198,,Ｂさん,3,3,3,3,3,3,2

198,,内容,勝ち点差で
198,,判定,Ａさんの勝ち


199,スコアボード
199,-----------
199,,確率,7.290000000000006e-06

199,,,S,1,2,3,4,5,6
199,,表番,,A,B,A,B,A,B
199,,出目,,失,失,失,裏,失,裏
199,,Ａさん,3,3,3,3,1,1,-1
199,,Ｂさん,3,3,3,3,3,3,3

199,,内容,達成で
199,,判定,Ａさんの勝ち


200,スコアボード
200,-----------
200,,確率,2.7000000000000013e-06

200,,,S,1,2,3,4,5,6
200,,表番,,A,B,A,B,A,B
200,,出目,,失,失,失,裏,失,失
200,,Ａさん,3,3,3,3,1,1,1
200,,Ｂさん,3,3,3,3,3,3,3

200,,内容,勝ち点差で
200,,判定,Ａさんの勝ち


201,スコアボード
201,-----------
201,,確率,3.9690000000000015e-05

201,,,S,1,2,3,4,5,6
201,,表番,,A,B,A,B,A,B
201,,出目,,失,失,失,失,表,表
201,,Ａさん,3,3,3,3,3,2,2
201,,Ｂさん,3,3,3,3,3,3,2

201,,内容,
201,,判定,勝者なし


202,スコアボード
202,-----------
202,,確率,1.701000000000001e-05

202,,,S,1,2,3,4,5,6
202,,表番,,A,B,A,B,A,B
202,,出目,,失,失,失,失,表,裏
202,,Ａさん,3,3,3,3,3,2,0
202,,Ｂさん,3,3,3,3,3,3,3

202,,内容,達成で
202,,判定,Ａさんの勝ち


203,スコアボード
203,-----------
203,,確率,6.300000000000003e-06

203,,,S,1,2,3,4,5,6
203,,表番,,A,B,A,B,A,B
203,,出目,,失,失,失,失,表,失
203,,Ａさん,3,3,3,3,3,2,2
203,,Ｂさん,3,3,3,3,3,3,3

203,,内容,勝ち点差で
203,,判定,Ａさんの勝ち


204,スコアボード
204,-----------
204,,確率,1.701000000000001e-05

204,,,S,1,2,3,4,5,6
204,,表番,,A,B,A,B,A,B
204,,出目,,失,失,失,失,裏,表
204,,Ａさん,3,3,3,3,3,3,3
204,,Ｂさん,3,3,3,3,3,1,0

204,,内容,達成で
204,,判定,Ｂさんの勝ち


205,スコアボード
205,-----------
205,,確率,7.2900000000000064e-06

205,,,S,1,2,3,4,5,6
205,,表番,,A,B,A,B,A,B
205,,出目,,失,失,失,失,裏,裏
205,,Ａさん,3,3,3,3,3,3,1
205,,Ｂさん,3,3,3,3,3,1,1

205,,内容,
205,,判定,勝者なし


206,スコアボード
206,-----------
206,,確率,2.7000000000000017e-06

206,,,S,1,2,3,4,5,6
206,,表番,,A,B,A,B,A,B
206,,出目,,失,失,失,失,裏,失
206,,Ａさん,3,3,3,3,3,3,3
206,,Ｂさん,3,3,3,3,3,1,1

206,,内容,勝ち点差で
206,,判定,Ｂさんの勝ち


207,スコアボード
207,-----------
207,,確率,6.300000000000002e-06

207,,,S,1,2,3,4,5,6
207,,表番,,A,B,A,B,A,B
207,,出目,,失,失,失,失,失,表
207,,Ａさん,3,3,3,3,3,3,3
207,,Ｂさん,3,3,3,3,3,3,2

207,,内容,勝ち点差で
207,,判定,Ｂさんの勝ち


208,スコアボード
208,-----------
208,,確率,2.7000000000000017e-06

208,,,S,1,2,3,4,5,6
208,,表番,,A,B,A,B,A,B
208,,出目,,失,失,失,失,失,裏
208,,Ａさん,3,3,3,3,3,3,1
208,,Ｂさん,3,3,3,3,3,3,3

208,,内容,勝ち点差で
208,,判定,Ａさんの勝ち


209,スコアボード
209,-----------
209,,確率,1.0000000000000004e-06

209,,,S,1,2,3,4,5,6
209,,表番,,A,B,A,B,A,B
209,,出目,,失,失,失,失,失,失
209,,Ａさん,3,3,3,3,3,3,3
209,,Ｂさん,3,3,3,3,3,3,3

209,,内容,
209,,判定,勝者なし



,フッター
,--------
,,Ａさんの勝率,0.519154614368098
,,Ｂさんの勝率,0.48084538563190204
,,勝ち負けが付かない確率,0.015244462900000005
,,確率合計,1.0
